Workbook

Sheet INSUMOS
A1: Convenio* | B1: Número empleado | C1: Primer Apellido | D1: Segundo Apellido | E1: Primer Nombre | F1: Segundo Nombre | G1: RFC | H1: CURP | I1: Correo Electronico | J1: Rango Salarial | K1: CURP_Registrada | L1: Estado_Validacion
A2: Numerico | B2: Alfanumerico | C2: Minimo 2 Maximo 40 | D2: Minimo 2 Maximo 40 | E2: Minimo 2 Maximo 40 | F2: Minimo 2 Maximo 40 | G2: 13 posiciones | H2: 18 posiciones | I2: 40 posiciones | J2: 40 posiciones | K2: Si / No (validacion externa) | L2: Formula
B3: E001 | C3: Toxqui | D3: Hernández | E3: Roman | G3: TOHR710223RM0 | H3: TOHR710223HPLXRRM01 | I3: aschettino@actifpower.com | L3: =IF(LEN(G3)<>13,"RFC formato invalido",IF(LEN(H3)<>18,"CURP formato invalido",IF(ISERROR(SEARCH("@",I3)),"Correo invalido",IF(OR(A3="",B3="",C3="",E3="",G3="",H3="",I3=""),"Campo obligatorio vacio",IF(COUNTIF(ListaNegra!$A:$A,G3)>0,"Uno en lista negra",IF(K3="No","CURP no existe",IF(COUNTIF($G$3:$G$99,G3)>1,"Empleado repetido","OK"))))))) -> CURP formato invalido
B4: E002 | C4: Calixto | D4: Huitzil | E4: Aarón | F4: de Jesús | G4: CAHA880126TR0 | H4: CAHA880126HPLLTR08 | I4: fbautista@actia.com.mx | L4: =IF(LEN(G4)<>13,"RFC formato invalido",IF(LEN(H4)<>18,"CURP formato invalido",IF(ISERROR(SEARCH("@",I4)),"Correo invalido",IF(OR(A4="",B4="",C4="",E4="",G4="",H4="",I4=""),"Campo obligatorio vacio",IF(COUNTIF(ListaNegra!$A:$A,G4)>0,"Uno en lista negra",IF(K4="No","CURP no existe",IF(COUNTIF($G$3:$G$99,G4)>1,"Empleado repetido","OK"))))))) -> Campo obligatorio vacio
B5: E003 | C5: Meléndez | D5: Sánchez | E5: Miguel | F5: Ángel | G5: MESM690305NG0 | H5: MESM690305HPLLNG04 | I5: jdovarganes@yahoo.com.mx | L5: =IF(LEN(G5)<>13,"RFC formato invalido",IF(LEN(H5)<>18,"CURP formato invalido",IF(ISERROR(SEARCH("@",I5)),"Correo invalido",IF(OR(A5="",B5="",C5="",E5="",G5="",H5="",I5=""),"Campo obligatorio vacio",IF(COUNTIF(ListaNegra!$A:$A,G5)>0,"Uno en lista negra",IF(K5="No","CURP no existe",IF(COUNTIF($G$3:$G$99,G5)>1,"Empleado repetido","OK"))))))) -> Campo obligatorio vacio
B6: E004 | C6: Conde | D6: Hernández | E6: Yolanda | G6: COHY831207RL0 | H6: COHY831207MPLNRL00 | I6: salvador@prodigy.net.mx | L6: =IF(LEN(G6)<>13,"RFC formato invalido",IF(LEN(H6)<>18,"CURP formato invalido",IF(ISERROR(SEARCH("@",I6)),"Correo invalido",IF(OR(A6="",B6="",C6="",E6="",G6="",H6="",I6=""),"Campo obligatorio vacio",IF(COUNTIF(ListaNegra!$A:$A,G6)>0,"Uno en lista negra",IF(K6="No","CURP no existe",IF(COUNTIF($G$3:$G$99,G6)>1,"Empleado repetido","OK"))))))) -> Campo obligatorio vacio
B7: E005 | C7: Arenas | D7: Sánchez | E7: Yecenia | G7: AESY851209NC0 | H7: AESY851209MTLRNC01 | I7: lvilla@auriga-si.com | L7: =IF(LEN(G7)<>13,"RFC formato invalido",IF(LEN(H7)<>18,"CURP formato invalido",IF(ISERROR(SEARCH("@",I7)),"Correo invalido",IF(OR(A7="",B7="",C7="",E7="",G7="",H7="",I7=""),"Campo obligatorio vacio",IF(COUNTIF(ListaNegra!$A:$A,G7)>0,"Uno en lista negra",IF(K7="No","CURP no existe",IF(COUNTIF($G$3:$G$99,G7)>1,"Empleado repetido","OK"))))))) -> Campo obligatorio vacio
B8: E006 | C8: Ponce | D8: Rodríguez | E8: Patricia | G8: PORP690710DT0 | H8: PORP690710MPLNDT00 | I8: eduardo.bobadilla@avnet.com | L8: =IF(LEN(G8)<>13,"RFC formato invalido",IF(LEN(H8)<>18,"CURP formato invalido",IF(ISERROR(SEARCH("@",I8)),"Correo invalido",IF(OR(A8="",B8="",C8="",E8="",G8="",H8="",I8=""),"Campo obligatorio vacio",IF(COUNTIF(ListaNegra!$A:$A,G8)>0,"Uno en lista negra",IF(K8="No","CURP no existe",IF(COUNTIF($G$3:$G$99,G8)>1,"Empleado repetido","OK"))))))) -> Campo obligatorio vacio
B9: E007 | C9: Zempoaltecatl | D9: Melendez | E9: Hilario | G9: ZEMH730114LL0 | H9: ZEMH730114HPLMLL02 | I9: aromero@copiloto.com.mx | L9: =IF(LEN(G9)<>13,"RFC formato invalido",IF(LEN(H9)<>18,"CURP formato invalido",IF(ISERROR(SEARCH("@",I9)),"Correo invalido",IF(OR(A9="",B9="",C9="",E9="",G9="",H9="",I9=""),"Campo obligatorio vacio",IF(COUNTIF(ListaNegra!$A:$A,G9)>0,"Uno en lista negra",IF(K9="No","CURP no existe",IF(COUNTIF($G$3:$G$99,G9)>1,"Empleado repetido","OK"))))))) -> Campo obligatorio vacio
B10: E008 | C10: Castillo | D10: Coeto | E10: José | F10: Luis | G10: CACL650406TS0 | H10: CACL650406HPLSTS04 | I10: luis.orozco@electronicayservicio.com | L10: =IF(LEN(G10)<>13,"RFC formato invalido",IF(LEN(H10)<>18,"CURP formato invalido",IF(ISERROR(SEARCH("@",I10)),"Correo invalido",IF(OR(A10="",B10="",C10="",E10="",G10="",H10="",I10=""),"Campo obligatorio vacio",IF(COUNTIF(ListaNegra!$A:$A,G10)>0,"Uno en lista negra",IF(K10="No","CURP no existe",IF(COUNTIF($G$3:$G$99,G10)>1,"Empleado repetido","OK"))))))) -> Campo obligatorio vacio
B11: E009 | C11: Carmona | D11: Sandoval | E11: Yazmín | G11: CASY950410NZ0 | H11: CASY950410MPLRNZ06 | I11: electcont@hotmail.com | L11: =IF(LEN(G11)<>13,"RFC formato invalido",IF(LEN(H11)<>18,"CURP formato invalido",IF(ISERROR(SEARCH("@",I11)),"Correo invalido",IF(OR(A11="",B11="",C11="",E11="",G11="",H11="",I11=""),"Campo obligatorio vacio",IF(COUNTIF(ListaNegra!$A:$A,G11)>0,"Uno en lista negra",IF(K11="No","CURP no existe",IF(COUNTIF($G$3:$G$99,G11)>1,"Empleado repetido","OK"))))))) -> Campo obligatorio vacio
B12: E010 | C12: Perez | D12: Vargas | E12: Rosa | F12: Maria | G12: PEVR740910RS0 | H12: PEVR740910MPLRRS00 | I12: albertob3@hotmail.com | L12: =IF(LEN(G12)<>13,"RFC formato invalido",IF(LEN(H12)<>18,"CURP formato invalido",IF(ISERROR(SEARCH("@",I12)),"Correo invalido",IF(OR(A12="",B12="",C12="",E12="",G12="",H12="",I12=""),"Campo obligatorio vacio",IF(COUNTIF(ListaNegra!$A:$A,G12)>0,"Uno en lista negra",IF(K12="No","CURP no existe",IF(COUNTIF($G$3:$G$99,G12)>1,"Empleado repetido","OK"))))))) -> Campo obligatorio vacio
B13: E011 | C13: Mozencahuatzi | D13: Cadena | E13: Hermilo | G13: MOCH650601DR0 | H13: MOCH650601HPLZDR08 | I13: aespinosa@hidronica.com | L13: =IF(LEN(G13)<>13,"RFC formato invalido",IF(LEN(H13)<>18,"CURP formato invalido",IF(ISERROR(SEARCH("@",I13)),"Correo invalido",IF(OR(A13="",B13="",C13="",E13="",G13="",H13="",I13=""),"Campo obligatorio vacio",IF(COUNTIF(ListaNegra!$A:$A,G13)>0,"Uno en lista negra",IF(K13="No","CURP no existe",IF(COUNTIF($G$3:$G$99,G13)>1,"Empleado repetido","OK"))))))) -> Campo obligatorio vacio
B14: E012 | C14: Luna | D14: Guerrero | E14: Edith | F14: Aurora | G14: LUGE880727RD0 | H14: LUGE880727MPLNRD03 | I14: mgenieria@hikami.com.mx | L14: =IF(LEN(G14)<>13,"RFC formato invalido",IF(LEN(H14)<>18,"CURP formato invalido",IF(ISERROR(SEARCH("@",I14)),"Correo invalido",IF(OR(A14="",B14="",C14="",E14="",G14="",H14="",I14=""),"Campo obligatorio vacio",IF(COUNTIF(ListaNegra!$A:$A,G14)>0,"Uno en lista negra",IF(K14="No","CURP no existe",IF(COUNTIF($G$3:$G$99,G14)>1,"Empleado repetido","OK"))))))) -> Campo obligatorio vacio
B15: E013 | C15: Cabrera | D15: Juarez | E15: Francisco | G15: CAJF871201RR0 | H15: CAJF871201HPLBRR04 | I15: gerardopozo@prodigy.net.mx | L15: =IF(LEN(G15)<>13,"RFC formato invalido",IF(LEN(H15)<>18,"CURP formato invalido",IF(ISERROR(SEARCH("@",I15)),"Correo invalido",IF(OR(A15="",B15="",C15="",E15="",G15="",H15="",I15=""),"Campo obligatorio vacio",IF(COUNTIF(ListaNegra!$A:$A,G15)>0,"Uno en lista negra",IF(K15="No","CURP no existe",IF(COUNTIF($G$3:$G$99,G15)>1,"Empleado repetido","OK"))))))) -> Campo obligatorio vacio
B16: E014 | C16: Gomez | D16: Coca | E16: Francisco | F16: Alfredo | G16: GOCF861023CR0 | H16: GOCF861023HPLMCR05 | I16: inelectronic@hotmail.com | L16: =IF(LEN(G16)<>13,"RFC formato invalido",IF(LEN(H16)<>18,"CURP formato invalido",IF(ISERROR(SEARCH("@",I16)),"Correo invalido",IF(OR(A16="",B16="",C16="",E16="",G16="",H16="",I16=""),"Campo obligatorio vacio",IF(COUNTIF(ListaNegra!$A:$A,G16)>0,"Uno en lista negra",IF(K16="No","CURP no existe",IF(COUNTIF($G$3:$G$99,G16)>1,"Empleado repetido","OK"))))))) -> Campo obligatorio vacio
B17: E015 | C17: Gutierrez | D17: Vazquez | E17: Jose | F17: Oscar | G17: GUVO831130ZS0 | H17: GUVO831130HPLTZS09 | I17: descamilla@inmer.com | L17: =IF(LEN(G17)<>13,"RFC formato invalido",IF(LEN(H17)<>18,"CURP formato invalido",IF(ISERROR(SEARCH("@",I17)),"Correo invalido",IF(OR(A17="",B17="",C17="",E17="",G17="",H17="",I17=""),"Campo obligatorio vacio",IF(COUNTIF(ListaNegra!$A:$A,G17)>0,"Uno en lista negra",IF(K17="No","CURP no existe",IF(COUNTIF($G$3:$G$99,G17)>1,"Empleado repetido","OK"))))))) -> Campo obligatorio vacio
B18: E016 | C18: Licona | D18: Devia | E18: Rogelio | G18: LIDR940923VG0 | H18: LIDR940923HVZCVG02 | I18: karen.navarrete@innovamedica.com.mx | L18: =IF(LEN(G18)<>13,"RFC formato invalido",IF(LEN(H18)<>18,"CURP formato invalido",IF(ISERROR(SEARCH("@",I18)),"Correo invalido",IF(OR(A18="",B18="",C18="",E18="",G18="",H18="",I18=""),"Campo obligatorio vacio",IF(COUNTIF(ListaNegra!$A:$A,G18)>0,"Uno en lista negra",IF(K18="No","CURP no existe",IF(COUNTIF($G$3:$G$99,G18)>1,"Empleado repetido","OK"))))))) -> Campo obligatorio vacio
B19: E017 | C19: Librado | D19: López | E19: Susana | G19: LILS870130PS0 | H19: LILS870130MPLBPS01 | I19: joseluis@intec.com.mx | L19: =IF(LEN(G19)<>13,"RFC formato invalido",IF(LEN(H19)<>18,"CURP formato invalido",IF(ISERROR(SEARCH("@",I19)),"Correo invalido",IF(OR(A19="",B19="",C19="",E19="",G19="",H19="",I19=""),"Campo obligatorio vacio",IF(COUNTIF(ListaNegra!$A:$A,G19)>0,"Uno en lista negra",IF(K19="No","CURP no existe",IF(COUNTIF($G$3:$G$99,G19)>1,"Empleado repetido","OK"))))))) -> Campo obligatorio vacio
B20: E018 | C20: Sandoval | D20: Peralta | E20: Veronica | G20: SAPV851023RR0 | H20: SAPV851023MPLNRR01 | I20: irssa@prodigy.net.mx | L20: =IF(LEN(G20)<>13,"RFC formato invalido",IF(LEN(H20)<>18,"CURP formato invalido",IF(ISERROR(SEARCH("@",I20)),"Correo invalido",IF(OR(A20="",B20="",C20="",E20="",G20="",H20="",I20=""),"Campo obligatorio vacio",IF(COUNTIF(ListaNegra!$A:$A,G20)>0,"Uno en lista negra",IF(K20="No","CURP no existe",IF(COUNTIF($G$3:$G$99,G20)>1,"Empleado repetido","OK"))))))) -> Campo obligatorio vacio
B21: E019 | C21: Ipatlan | D21: Torres | E21: Victor | F21: Manuel | G21: IATV911021RC0 | H21: IATV911021HPLPRC04 | I21: irsa@axtel.net | L21: =IF(LEN(G21)<>13,"RFC formato invalido",IF(LEN(H21)<>18,"CURP formato invalido",IF(ISERROR(SEARCH("@",I21)),"Correo invalido",IF(OR(A21="",B21="",C21="",E21="",G21="",H21="",I21=""),"Campo obligatorio vacio",IF(COUNTIF(ListaNegra!$A:$A,G21)>0,"Uno en lista negra",IF(K21="No","CURP no existe",IF(COUNTIF($G$3:$G$99,G21)>1,"Empleado repetido","OK"))))))) -> Campo obligatorio vacio
B22: E020 | C22: Tenorio | D22: Rojas | E22: Marco | F22: Antonio | G22: TERM930429JR0 | H22: TERM930429HPLNJR05 | I22: import@isbmex.com | L22: =IF(LEN(G22)<>13,"RFC formato invalido",IF(LEN(H22)<>18,"CURP formato invalido",IF(ISERROR(SEARCH("@",I22)),"Correo invalido",IF(OR(A22="",B22="",C22="",E22="",G22="",H22="",I22=""),"Campo obligatorio vacio",IF(COUNTIF(ListaNegra!$A:$A,G22)>0,"Uno en lista negra",IF(K22="No","CURP no existe",IF(COUNTIF($G$3:$G$99,G22)>1,"Empleado repetido","OK"))))))) -> Campo obligatorio vacio
B23: E021 | C23: Ramirez | D23: Garcia | E23: Daniel | G23: RAGD750630RN0 | H23: RAGD750630HPLMRN01 | I23: hgarcia@kbtel.com | L23: =IF(LEN(G23)<>13,"RFC formato invalido",IF(LEN(H23)<>18,"CURP formato invalido",IF(ISERROR(SEARCH("@",I23)),"Correo invalido",IF(OR(A23="",B23="",C23="",E23="",G23="",H23="",I23=""),"Campo obligatorio vacio",IF(COUNTIF(ListaNegra!$A:$A,G23)>0,"Uno en lista negra",IF(K23="No","CURP no existe",IF(COUNTIF($G$3:$G$99,G23)>1,"Empleado repetido","OK"))))))) -> Campo obligatorio vacio
B24: E022 | C24: Morales | D24: Silva | E24: Maria | F24: Irianely | G24: MOSI890619LR0 | H24: MOSI890619MPLRLR07 | I24: cgaliciav@kokai.com.mx | L24: =IF(LEN(G24)<>13,"RFC formato invalido",IF(LEN(H24)<>18,"CURP formato invalido",IF(ISERROR(SEARCH("@",I24)),"Correo invalido",IF(OR(A24="",B24="",C24="",E24="",G24="",H24="",I24=""),"Campo obligatorio vacio",IF(COUNTIF(ListaNegra!$A:$A,G24)>0,"Uno en lista negra",IF(K24="No","CURP no existe",IF(COUNTIF($G$3:$G$99,G24)>1,"Empleado repetido","OK"))))))) -> Campo obligatorio vacio
B25: E023 | C25: Lucas | D25: Cordova | E25: Judith | F25: Viviana | G25: LUCJ671202RD1 | H25: LUCJ671202MPLCRD14 | I25: lincsamex@yahoo.com.mx | L25: =IF(LEN(G25)<>13,"RFC formato invalido",IF(LEN(H25)<>18,"CURP formato invalido",IF(ISERROR(SEARCH("@",I25)),"Correo invalido",IF(OR(A25="",B25="",C25="",E25="",G25="",H25="",I25=""),"Campo obligatorio vacio",IF(COUNTIF(ListaNegra!$A:$A,G25)>0,"Uno en lista negra",IF(K25="No","CURP no existe",IF(COUNTIF($G$3:$G$99,G25)>1,"Empleado repetido","OK"))))))) -> Campo obligatorio vacio
B26: E024 | C26: Sanjuampan | D26: Garcia | E26: Luis | F26: Ángel | G26: SAGL981031RS0 | H26: SAGL981031HPLNRS08 | I26: oserrano@lpldevelopment.com | L26: =IF(LEN(G26)<>13,"RFC formato invalido",IF(LEN(H26)<>18,"CURP formato invalido",IF(ISERROR(SEARCH("@",I26)),"Correo invalido",IF(OR(A26="",B26="",C26="",E26="",G26="",H26="",I26=""),"Campo obligatorio vacio",IF(COUNTIF(ListaNegra!$A:$A,G26)>0,"Uno en lista negra",IF(K26="No","CURP no existe",IF(COUNTIF($G$3:$G$99,G26)>1,"Empleado repetido","OK"))))))) -> Campo obligatorio vacio
B27: E025 | C27: Rojas | D27: Cuahtlapantzi | E27: Javier | G27: ROCJ660612HV0 | H27: ROCJ660612HTLJHV07 | I27: m.rojas@luxtronic.com.mx | L27: =IF(LEN(G27)<>13,"RFC formato invalido",IF(LEN(H27)<>18,"CURP formato invalido",IF(ISERROR(SEARCH("@",I27)),"Correo invalido",IF(OR(A27="",B27="",C27="",E27="",G27="",H27="",I27=""),"Campo obligatorio vacio",IF(COUNTIF(ListaNegra!$A:$A,G27)>0,"Uno en lista negra",IF(K27="No","CURP no existe",IF(COUNTIF($G$3:$G$99,G27)>1,"Empleado repetido","OK"))))))) -> Campo obligatorio vacio
B28: E026 | C28: Ramos | D28: Hernández | E28: Rafael | G28: RAHR860502RF0 | H28: RAHR860502HPLMRF00 | I28: ing_dept@margules.com.mx | L28: =IF(LEN(G28)<>13,"RFC formato invalido",IF(LEN(H28)<>18,"CURP formato invalido",IF(ISERROR(SEARCH("@",I28)),"Correo invalido",IF(OR(A28="",B28="",C28="",E28="",G28="",H28="",I28=""),"Campo obligatorio vacio",IF(COUNTIF(ListaNegra!$A:$A,G28)>0,"Uno en lista negra",IF(K28="No","CURP no existe",IF(COUNTIF($G$3:$G$99,G28)>1,"Empleado repetido","OK"))))))) -> Campo obligatorio vacio
B29: E027 | C29: Moreno | D29: Corona | E29: Alba | F29: Vanessa | G29: MOCA810312RL0 | H29: MOCA810312MPLRRL02 | I29: dzamudio@mei-telecom.com | L29: =IF(LEN(G29)<>13,"RFC formato invalido",IF(LEN(H29)<>18,"CURP formato invalido",IF(ISERROR(SEARCH("@",I29)),"Correo invalido",IF(OR(A29="",B29="",C29="",E29="",G29="",H29="",I29=""),"Campo obligatorio vacio",IF(COUNTIF(ListaNegra!$A:$A,G29)>0,"Uno en lista negra",IF(K29="No","CURP no existe",IF(COUNTIF($G$3:$G$99,G29)>1,"Empleado repetido","OK"))))))) -> Campo obligatorio vacio
B30: E028 | C30: Lopez | D30: Viveros | E30: Marco | F30: Antonio | G30: LOVM730529VR0 | H30: LOVM730529HPLPVR06 | I30: omicron_del@att.net.mx | L30: =IF(LEN(G30)<>13,"RFC formato invalido",IF(LEN(H30)<>18,"CURP formato invalido",IF(ISERROR(SEARCH("@",I30)),"Correo invalido",IF(OR(A30="",B30="",C30="",E30="",G30="",H30="",I30=""),"Campo obligatorio vacio",IF(COUNTIF(ListaNegra!$A:$A,G30)>0,"Uno en lista negra",IF(K30="No","CURP no existe",IF(COUNTIF($G$3:$G$99,G30)>1,"Empleado repetido","OK"))))))) -> Campo obligatorio vacio
B31: E029 | C31: Orea | D31: Perez | E31: Jose | F31: Daniel | G31: OEPD990816RN0 | H31: OEPD990816HPLRRN01 | I31: javiercruzc@att.net.mx | L31: =IF(LEN(G31)<>13,"RFC formato invalido",IF(LEN(H31)<>18,"CURP formato invalido",IF(ISERROR(SEARCH("@",I31)),"Correo invalido",IF(OR(A31="",B31="",C31="",E31="",G31="",H31="",I31=""),"Campo obligatorio vacio",IF(COUNTIF(ListaNegra!$A:$A,G31)>0,"Uno en lista negra",IF(K31="No","CURP no existe",IF(COUNTIF($G$3:$G$99,G31)>1,"Empleado repetido","OK"))))))) -> Campo obligatorio vacio
B32: E030 | C32: Hernandez | D32: Hernandez | E32: Gabriela | G32: HEHG770929RB1 | H32: HEHG770929MLPRRB14 | I32: biyubi@yahoo.com | L32: =IF(LEN(G32)<>13,"RFC formato invalido",IF(LEN(H32)<>18,"CURP formato invalido",IF(ISERROR(SEARCH("@",I32)),"Correo invalido",IF(OR(A32="",B32="",C32="",E32="",G32="",H32="",I32=""),"Campo obligatorio vacio",IF(COUNTIF(ListaNegra!$A:$A,G32)>0,"Uno en lista negra",IF(K32="No","CURP no existe",IF(COUNTIF($G$3:$G$99,G32)>1,"Empleado repetido","OK"))))))) -> Campo obligatorio vacio
B33: E031 | C33: Rebollo | D33: Pichardo | E33: Luis | F33: Gilberto | G33: REPL840310CS0 | H33: REPL840310HMCBCS08 | I33: rcortes@racom.com.mx | L33: =IF(LEN(G33)<>13,"RFC formato invalido",IF(LEN(H33)<>18,"CURP formato invalido",IF(ISERROR(SEARCH("@",I33)),"Correo invalido",IF(OR(A33="",B33="",C33="",E33="",G33="",H33="",I33=""),"Campo obligatorio vacio",IF(COUNTIF(ListaNegra!$A:$A,G33)>0,"Uno en lista negra",IF(K33="No","CURP no existe",IF(COUNTIF($G$3:$G$99,G33)>1,"Empleado repetido","OK"))))))) -> Campo obligatorio vacio
B34: E032 | C34: Aguilar | D34: Cote | E34: Alfredo | G34: AUCA880115TL0 | H34: AUCA880115HPLGTL02 | I34: rotecnia_micros@yahoo.com.mx | L34: =IF(LEN(G34)<>13,"RFC formato invalido",IF(LEN(H34)<>18,"CURP formato invalido",IF(ISERROR(SEARCH("@",I34)),"Correo invalido",IF(OR(A34="",B34="",C34="",E34="",G34="",H34="",I34=""),"Campo obligatorio vacio",IF(COUNTIF(ListaNegra!$A:$A,G34)>0,"Uno en lista negra",IF(K34="No","CURP no existe",IF(COUNTIF($G$3:$G$99,G34)>1,"Empleado repetido","OK"))))))) -> Campo obligatorio vacio
B35: E033 | C35: Chavez | D35: Muñoz | E35: Balam | F35: Rodolfo | G35: CAMB900422XL0 | H35: CAMB900422HPLHXL01 | I35: Gerardo.fouilloux@simexmexico.com.mx | L35: =IF(LEN(G35)<>13,"RFC formato invalido",IF(LEN(H35)<>18,"CURP formato invalido",IF(ISERROR(SEARCH("@",I35)),"Correo invalido",IF(OR(A35="",B35="",C35="",E35="",G35="",H35="",I35=""),"Campo obligatorio vacio",IF(COUNTIF(ListaNegra!$A:$A,G35)>0,"Uno en lista negra",IF(K35="No","CURP no existe",IF(COUNTIF($G$3:$G$99,G35)>1,"Empleado repetido","OK"))))))) -> Campo obligatorio vacio
B36: E034 | C36: Romero | D36: Herrera | E36: Ana | F36: Lilia | G36: ROHA760331RN0 | H36: ROHA760331MPLMRN06 | I36: cristianl@sistek.com.mx | L36: =IF(LEN(G36)<>13,"RFC formato invalido",IF(LEN(H36)<>18,"CURP formato invalido",IF(ISERROR(SEARCH("@",I36)),"Correo invalido",IF(OR(A36="",B36="",C36="",E36="",G36="",H36="",I36=""),"Campo obligatorio vacio",IF(COUNTIF(ListaNegra!$A:$A,G36)>0,"Uno en lista negra",IF(K36="No","CURP no existe",IF(COUNTIF($G$3:$G$99,G36)>1,"Empleado repetido","OK"))))))) -> Campo obligatorio vacio
B37: E035 | C37: Peraza | D37: Blanco | E37: Maura | F37: Maria | G37: PEBM690213LR0 | H37: PEBM690213MYNRLR01 | I37: cyber@solaris-digital.com | L37: =IF(LEN(G37)<>13,"RFC formato invalido",IF(LEN(H37)<>18,"CURP formato invalido",IF(ISERROR(SEARCH("@",I37)),"Correo invalido",IF(OR(A37="",B37="",C37="",E37="",G37="",H37="",I37=""),"Campo obligatorio vacio",IF(COUNTIF(ListaNegra!$A:$A,G37)>0,"Uno en lista negra",IF(K37="No","CURP no existe",IF(COUNTIF($G$3:$G$99,G37)>1,"Empleado repetido","OK"))))))) -> Campo obligatorio vacio
B38: E036 | C38: Aguilar | D38: Rodriguez | E38: Alfonso | G38: AURA791101DL0 | H38: AURA791101HPLGDL09 | I38: g.camporredondo@synergygam.com | L38: =IF(LEN(G38)<>13,"RFC formato invalido",IF(LEN(H38)<>18,"CURP formato invalido",IF(ISERROR(SEARCH("@",I38)),"Correo invalido",IF(OR(A38="",B38="",C38="",E38="",G38="",H38="",I38=""),"Campo obligatorio vacio",IF(COUNTIF(ListaNegra!$A:$A,G38)>0,"Uno en lista negra",IF(K38="No","CURP no existe",IF(COUNTIF($G$3:$G$99,G38)>1,"Empleado repetido","OK"))))))) -> Campo obligatorio vacio
B39: E037 | C39: Chavez | D39: Lomeli | E39: Erika | G39: CALE801230MR0 | H39: CALE801230MPLHMR01 | I39: alexc@complet.com.mx | L39: =IF(LEN(G39)<>13,"RFC formato invalido",IF(LEN(H39)<>18,"CURP formato invalido",IF(ISERROR(SEARCH("@",I39)),"Correo invalido",IF(OR(A39="",B39="",C39="",E39="",G39="",H39="",I39=""),"Campo obligatorio vacio",IF(COUNTIF(ListaNegra!$A:$A,G39)>0,"Uno en lista negra",IF(K39="No","CURP no existe",IF(COUNTIF($G$3:$G$99,G39)>1,"Empleado repetido","OK"))))))) -> Campo obligatorio vacio
B40: E038 | C40: Corona | D40: Juarez | E40: Jose | F40: Eduardo | G40: CXJE730318RD0 | H40: CXJE730318HPLRRD05 | I40: moisesb@complet.com.mx | L40: =IF(LEN(G40)<>13,"RFC formato invalido",IF(LEN(H40)<>18,"CURP formato invalido",IF(ISERROR(SEARCH("@",I40)),"Correo invalido",IF(OR(A40="",B40="",C40="",E40="",G40="",H40="",I40=""),"Campo obligatorio vacio",IF(COUNTIF(ListaNegra!$A:$A,G40)>0,"Uno en lista negra",IF(K40="No","CURP no existe",IF(COUNTIF($G$3:$G$99,G40)>1,"Empleado repetido","OK"))))))) -> Campo obligatorio vacio
B41: E039 | C41: Merino | D41: Ortega | E41: Yayse | G41: MEOY830903RY0 | H41: MEOY830903MPLRRY03 | I41: fochoa@tecnologicamexicana.com.mx | L41: =IF(LEN(G41)<>13,"RFC formato invalido",IF(LEN(H41)<>18,"CURP formato invalido",IF(ISERROR(SEARCH("@",I41)),"Correo invalido",IF(OR(A41="",B41="",C41="",E41="",G41="",H41="",I41=""),"Campo obligatorio vacio",IF(COUNTIF(ListaNegra!$A:$A,G41)>0,"Uno en lista negra",IF(K41="No","CURP no existe",IF(COUNTIF($G$3:$G$99,G41)>1,"Empleado repetido","OK"))))))) -> Campo obligatorio vacio
B42: E040 | C42: Hernandez | D42: Torres | E42: Carlos | G42: HETC960402RR0 | H42: HETC960402HMNRRR06 | I42: miguel.chavez@descauto.com | L42: =IF(LEN(G42)<>13,"RFC formato invalido",IF(LEN(H42)<>18,"CURP formato invalido",IF(ISERROR(SEARCH("@",I42)),"Correo invalido",IF(OR(A42="",B42="",C42="",E42="",G42="",H42="",I42=""),"Campo obligatorio vacio",IF(COUNTIF(ListaNegra!$A:$A,G42)>0,"Uno en lista negra",IF(K42="No","CURP no existe",IF(COUNTIF($G$3:$G$99,G42)>1,"Empleado repetido","OK"))))))) -> Campo obligatorio vacio
B43: E041 | C43: Rosales | D43: Tapia | E43: Andres | G43: ROTA720521PN0 | H43: ROTA720521HPLSPN01 | I43: tnt3@prodigy.net.mx | L43: =IF(LEN(G43)<>13,"RFC formato invalido",IF(LEN(H43)<>18,"CURP formato invalido",IF(ISERROR(SEARCH("@",I43)),"Correo invalido",IF(OR(A43="",B43="",C43="",E43="",G43="",H43="",I43=""),"Campo obligatorio vacio",IF(COUNTIF(ListaNegra!$A:$A,G43)>0,"Uno en lista negra",IF(K43="No","CURP no existe",IF(COUNTIF($G$3:$G$99,G43)>1,"Empleado repetido","OK"))))))) -> Campo obligatorio vacio
B44: E042 | C44: Rosales | D44: Tapia | E44: Jose | F44: Roberto | G44: ROTR760321PB0 | H44: ROTR760321HPLSPB07 | I44: aschettino@actifpower.com | L44: =IF(LEN(G44)<>13,"RFC formato invalido",IF(LEN(H44)<>18,"CURP formato invalido",IF(ISERROR(SEARCH("@",I44)),"Correo invalido",IF(OR(A44="",B44="",C44="",E44="",G44="",H44="",I44=""),"Campo obligatorio vacio",IF(COUNTIF(ListaNegra!$A:$A,G44)>0,"Uno en lista negra",IF(K44="No","CURP no existe",IF(COUNTIF($G$3:$G$99,G44)>1,"Empleado repetido","OK"))))))) -> Campo obligatorio vacio
B45: E043 | C45: Espinosa | D45: Poblano | E45: Luis | F45: Gabriel | G45: EIPL990227BS0 | H45: EIPL990227HPLSBS03 | I45: fbautista@actia.com.mx | L45: =IF(LEN(G45)<>13,"RFC formato invalido",IF(LEN(H45)<>18,"CURP formato invalido",IF(ISERROR(SEARCH("@",I45)),"Correo invalido",IF(OR(A45="",B45="",C45="",E45="",G45="",H45="",I45=""),"Campo obligatorio vacio",IF(COUNTIF(ListaNegra!$A:$A,G45)>0,"Uno en lista negra",IF(K45="No","CURP no existe",IF(COUNTIF($G$3:$G$99,G45)>1,"Empleado repetido","OK"))))))) -> Campo obligatorio vacio
B46: E044 | C46: Jimenez | D46: Rosas | E46: Diego | G46: JIRD911113SG0 | H46: JIRD911113HPLMSG02 | I46: jdovarganes@yahoo.com.mx | L46: =IF(LEN(G46)<>13,"RFC formato invalido",IF(LEN(H46)<>18,"CURP formato invalido",IF(ISERROR(SEARCH("@",I46)),"Correo invalido",IF(OR(A46="",B46="",C46="",E46="",G46="",H46="",I46=""),"Campo obligatorio vacio",IF(COUNTIF(ListaNegra!$A:$A,G46)>0,"Uno en lista negra",IF(K46="No","CURP no existe",IF(COUNTIF($G$3:$G$99,G46)>1,"Empleado repetido","OK"))))))) -> Campo obligatorio vacio
B47: E045 | C47: Alvarez | D47: Flores | E47: Norma | G47: AAFN741005LR0 | H47: AAFN741005MPLLLR01 | I47: salvador@prodigy.net.mx | L47: =IF(LEN(G47)<>13,"RFC formato invalido",IF(LEN(H47)<>18,"CURP formato invalido",IF(ISERROR(SEARCH("@",I47)),"Correo invalido",IF(OR(A47="",B47="",C47="",E47="",G47="",H47="",I47=""),"Campo obligatorio vacio",IF(COUNTIF(ListaNegra!$A:$A,G47)>0,"Uno en lista negra",IF(K47="No","CURP no existe",IF(COUNTIF($G$3:$G$99,G47)>1,"Empleado repetido","OK"))))))) -> Campo obligatorio vacio
B48: E046 | C48: López | D48: Ocote | E48: Concepción | G48: LOOC741208CN0 | H48: LOOC741208MPLPCN00 | I48: lvilla@auriga-si.com | L48: =IF(LEN(G48)<>13,"RFC formato invalido",IF(LEN(H48)<>18,"CURP formato invalido",IF(ISERROR(SEARCH("@",I48)),"Correo invalido",IF(OR(A48="",B48="",C48="",E48="",G48="",H48="",I48=""),"Campo obligatorio vacio",IF(COUNTIF(ListaNegra!$A:$A,G48)>0,"Uno en lista negra",IF(K48="No","CURP no existe",IF(COUNTIF($G$3:$G$99,G48)>1,"Empleado repetido","OK"))))))) -> Campo obligatorio vacio
B49: E047 | C49: Guerra | D49: Rodriguez | E49: Jose | F49: Luis | G49: GURL670321DS0 | H49: GURL670321HPLRDS02 | I49: eduardo.bobadilla@avnet.com | L49: =IF(LEN(G49)<>13,"RFC formato invalido",IF(LEN(H49)<>18,"CURP formato invalido",IF(ISERROR(SEARCH("@",I49)),"Correo invalido",IF(OR(A49="",B49="",C49="",E49="",G49="",H49="",I49=""),"Campo obligatorio vacio",IF(COUNTIF(ListaNegra!$A:$A,G49)>0,"Uno en lista negra",IF(K49="No","CURP no existe",IF(COUNTIF($G$3:$G$99,G49)>1,"Empleado repetido","OK"))))))) -> Campo obligatorio vacio
B50: E048 | C50: Sánchez | D50: Rosas | E50: Rosa | G50: SARR770224SS0 | H50: SARR770224MPLNSS01 | I50: aromero@copiloto.com.mx | L50: =IF(LEN(G50)<>13,"RFC formato invalido",IF(LEN(H50)<>18,"CURP formato invalido",IF(ISERROR(SEARCH("@",I50)),"Correo invalido",IF(OR(A50="",B50="",C50="",E50="",G50="",H50="",I50=""),"Campo obligatorio vacio",IF(COUNTIF(ListaNegra!$A:$A,G50)>0,"Uno en lista negra",IF(K50="No","CURP no existe",IF(COUNTIF($G$3:$G$99,G50)>1,"Empleado repetido","OK"))))))) -> Campo obligatorio vacio
B51: E049 | C51: Hernandez | D51: Rivera | E51: Humberto | F51: Jesús | G51: HERH610325VM0 | H51: HERH610325HPLRVM00 | I51: luis.orozco@electronicayservicio.com | L51: =IF(LEN(G51)<>13,"RFC formato invalido",IF(LEN(H51)<>18,"CURP formato invalido",IF(ISERROR(SEARCH("@",I51)),"Correo invalido",IF(OR(A51="",B51="",C51="",E51="",G51="",H51="",I51=""),"Campo obligatorio vacio",IF(COUNTIF(ListaNegra!$A:$A,G51)>0,"Uno en lista negra",IF(K51="No","CURP no existe",IF(COUNTIF($G$3:$G$99,G51)>1,"Empleado repetido","OK"))))))) -> Campo obligatorio vacio
B52: E050 | C52: Guevara | D52: Marin | E52: Daniel | G52: GUMD931101RN0 | H52: GUMD931101HPLVRN06 | I52: electcont@hotmail.com | L52: =IF(LEN(G52)<>13,"RFC formato invalido",IF(LEN(H52)<>18,"CURP formato invalido",IF(ISERROR(SEARCH("@",I52)),"Correo invalido",IF(OR(A52="",B52="",C52="",E52="",G52="",H52="",I52=""),"Campo obligatorio vacio",IF(COUNTIF(ListaNegra!$A:$A,G52)>0,"Uno en lista negra",IF(K52="No","CURP no existe",IF(COUNTIF($G$3:$G$99,G52)>1,"Empleado repetido","OK"))))))) -> Campo obligatorio vacio
B53: E051 | C53: Dionicio | D53: Juárez | E53: Cecilia | G53: DIJC950905RC0 | H53: DIJC950905MPLNRC04 | I53: albertob3@hotmail.com | L53: =IF(LEN(G53)<>13,"RFC formato invalido",IF(LEN(H53)<>18,"CURP formato invalido",IF(ISERROR(SEARCH("@",I53)),"Correo invalido",IF(OR(A53="",B53="",C53="",E53="",G53="",H53="",I53=""),"Campo obligatorio vacio",IF(COUNTIF(ListaNegra!$A:$A,G53)>0,"Uno en lista negra",IF(K53="No","CURP no existe",IF(COUNTIF($G$3:$G$99,G53)>1,"Empleado repetido","OK"))))))) -> Campo obligatorio vacio
B54: E052 | C54: Solis | D54: Martinez | E54: Gustavo | G54: MASG880129LS0 | H54: MASG880129HPLRLS07 | I54: aespinosa@hidronica.com | L54: =IF(LEN(G54)<>13,"RFC formato invalido",IF(LEN(H54)<>18,"CURP formato invalido",IF(ISERROR(SEARCH("@",I54)),"Correo invalido",IF(OR(A54="",B54="",C54="",E54="",G54="",H54="",I54=""),"Campo obligatorio vacio",IF(COUNTIF(ListaNegra!$A:$A,G54)>0,"Uno en lista negra",IF(K54="No","CURP no existe",IF(COUNTIF($G$3:$G$99,G54)>1,"Empleado repetido","OK"))))))) -> Campo obligatorio vacio
B55: E053 | C55: Hernandez | D55: Perez | E55: Tania | F55: Miyuki | G55: HEPT960119RN0 | H55: HEPT960119MOCRRN00 | I55: mgenieria@hikami.com.mx | L55: =IF(LEN(G55)<>13,"RFC formato invalido",IF(LEN(H55)<>18,"CURP formato invalido",IF(ISERROR(SEARCH("@",I55)),"Correo invalido",IF(OR(A55="",B55="",C55="",E55="",G55="",H55="",I55=""),"Campo obligatorio vacio",IF(COUNTIF(ListaNegra!$A:$A,G55)>0,"Uno en lista negra",IF(K55="No","CURP no existe",IF(COUNTIF($G$3:$G$99,G55)>1,"Empleado repetido","OK"))))))) -> Campo obligatorio vacio
B56: E054 | C56: Tobon | D56: Estrada | E56: Francisco | G56: TOEF910403SR0 | H56: TOEF910403HPLBSR07 | I56: gerardopozo@prodigy.net.mx | L56: =IF(LEN(G56)<>13,"RFC formato invalido",IF(LEN(H56)<>18,"CURP formato invalido",IF(ISERROR(SEARCH("@",I56)),"Correo invalido",IF(OR(A56="",B56="",C56="",E56="",G56="",H56="",I56=""),"Campo obligatorio vacio",IF(COUNTIF(ListaNegra!$A:$A,G56)>0,"Uno en lista negra",IF(K56="No","CURP no existe",IF(COUNTIF($G$3:$G$99,G56)>1,"Empleado repetido","OK"))))))) -> Campo obligatorio vacio
B57: E055 | C57: Olarte | D57: Muñoz | E57: Paul | G57: OAMP830502XL0 | H57: OAMP830502HPLLXL06 | I57: inelectronic@hotmail.com | L57: =IF(LEN(G57)<>13,"RFC formato invalido",IF(LEN(H57)<>18,"CURP formato invalido",IF(ISERROR(SEARCH("@",I57)),"Correo invalido",IF(OR(A57="",B57="",C57="",E57="",G57="",H57="",I57=""),"Campo obligatorio vacio",IF(COUNTIF(ListaNegra!$A:$A,G57)>0,"Uno en lista negra",IF(K57="No","CURP no existe",IF(COUNTIF($G$3:$G$99,G57)>1,"Empleado repetido","OK"))))))) -> Campo obligatorio vacio
B58: E056 | C58: Tlapalcoyoa | D58: Rosas | E58: Laura | G58: TARL840304SR0 | H58: TARL840304MTLLSR07 | I58: descamilla@inmer.com | L58: =IF(LEN(G58)<>13,"RFC formato invalido",IF(LEN(H58)<>18,"CURP formato invalido",IF(ISERROR(SEARCH("@",I58)),"Correo invalido",IF(OR(A58="",B58="",C58="",E58="",G58="",H58="",I58=""),"Campo obligatorio vacio",IF(COUNTIF(ListaNegra!$A:$A,G58)>0,"Uno en lista negra",IF(K58="No","CURP no existe",IF(COUNTIF($G$3:$G$99,G58)>1,"Empleado repetido","OK"))))))) -> Campo obligatorio vacio
B59: E057 | C59: de Jesus | D59: Rojas | E59: Ricardo | F59: Alberto | G59: JERR870930JC0 | H59: JERR870930HPLSJC09 | I59: karen.navarrete@innovamedica.com.mx | L59: =IF(LEN(G59)<>13,"RFC formato invalido",IF(LEN(H59)<>18,"CURP formato invalido",IF(ISERROR(SEARCH("@",I59)),"Correo invalido",IF(OR(A59="",B59="",C59="",E59="",G59="",H59="",I59=""),"Campo obligatorio vacio",IF(COUNTIF(ListaNegra!$A:$A,G59)>0,"Uno en lista negra",IF(K59="No","CURP no existe",IF(COUNTIF($G$3:$G$99,G59)>1,"Empleado repetido","OK"))))))) -> Campo obligatorio vacio
B60: E058 | C60: González | D60: Muñoz | E60: Miguel | F60: Ángel | G60: GOMM820714XG0 | H60: GOMM820714HPLNXG01 | I60: joseluis@intec.com.mx | L60: =IF(LEN(G60)<>13,"RFC formato invalido",IF(LEN(H60)<>18,"CURP formato invalido",IF(ISERROR(SEARCH("@",I60)),"Correo invalido",IF(OR(A60="",B60="",C60="",E60="",G60="",H60="",I60=""),"Campo obligatorio vacio",IF(COUNTIF(ListaNegra!$A:$A,G60)>0,"Uno en lista negra",IF(K60="No","CURP no existe",IF(COUNTIF($G$3:$G$99,G60)>1,"Empleado repetido","OK"))))))) -> Campo obligatorio vacio
B61: E059 | C61: Aguila | D61: Velazquez | E61: Patricia | G61: AUVP631130LT0 | H61: AUVP631130MPLGLT07 | I61: irssa@prodigy.net.mx | L61: =IF(LEN(G61)<>13,"RFC formato invalido",IF(LEN(H61)<>18,"CURP formato invalido",IF(ISERROR(SEARCH("@",I61)),"Correo invalido",IF(OR(A61="",B61="",C61="",E61="",G61="",H61="",I61=""),"Campo obligatorio vacio",IF(COUNTIF(ListaNegra!$A:$A,G61)>0,"Uno en lista negra",IF(K61="No","CURP no existe",IF(COUNTIF($G$3:$G$99,G61)>1,"Empleado repetido","OK"))))))) -> Campo obligatorio vacio
B62: E060 | C62: Librado | D62: López | E62: Adriana | G62: LILA880720PD0 | H62: LILA880720MPLBPD05 | I62: irsa@axtel.net | L62: =IF(LEN(G62)<>13,"RFC formato invalido",IF(LEN(H62)<>18,"CURP formato invalido",IF(ISERROR(SEARCH("@",I62)),"Correo invalido",IF(OR(A62="",B62="",C62="",E62="",G62="",H62="",I62=""),"Campo obligatorio vacio",IF(COUNTIF(ListaNegra!$A:$A,G62)>0,"Uno en lista negra",IF(K62="No","CURP no existe",IF(COUNTIF($G$3:$G$99,G62)>1,"Empleado repetido","OK"))))))) -> Campo obligatorio vacio
B63: E061 | C63: Rosete | D63: Martinez | E63: Edgard | G63: ROME800906RD0 | H63: ROME800906HPLSRD04 | I63: import@isbmex.com | L63: =IF(LEN(G63)<>13,"RFC formato invalido",IF(LEN(H63)<>18,"CURP formato invalido",IF(ISERROR(SEARCH("@",I63)),"Correo invalido",IF(OR(A63="",B63="",C63="",E63="",G63="",H63="",I63=""),"Campo obligatorio vacio",IF(COUNTIF(ListaNegra!$A:$A,G63)>0,"Uno en lista negra",IF(K63="No","CURP no existe",IF(COUNTIF($G$3:$G$99,G63)>1,"Empleado repetido","OK"))))))) -> Campo obligatorio vacio
B64: E062 | C64: Ramirez | D64: Galaviz | E64: Juan | F64: Carlos | G64: RAGJ750104LN0 | H64: RAGJ750104HPLMLN08 | I64: hgarcia@kbtel.com | L64: =IF(LEN(G64)<>13,"RFC formato invalido",IF(LEN(H64)<>18,"CURP formato invalido",IF(ISERROR(SEARCH("@",I64)),"Correo invalido",IF(OR(A64="",B64="",C64="",E64="",G64="",H64="",I64=""),"Campo obligatorio vacio",IF(COUNTIF(ListaNegra!$A:$A,G64)>0,"Uno en lista negra",IF(K64="No","CURP no existe",IF(COUNTIF($G$3:$G$99,G64)>1,"Empleado repetido","OK"))))))) -> Campo obligatorio vacio
B65: E063 | C65: Estrada | D65: Rivera | E65: Ivan | F65: de Jesus | G65: EARI830729VV0 | H65: EARI830729HPLSVV08 | I65: cgaliciav@kokai.com.mx | L65: =IF(LEN(G65)<>13,"RFC formato invalido",IF(LEN(H65)<>18,"CURP formato invalido",IF(ISERROR(SEARCH("@",I65)),"Correo invalido",IF(OR(A65="",B65="",C65="",E65="",G65="",H65="",I65=""),"Campo obligatorio vacio",IF(COUNTIF(ListaNegra!$A:$A,G65)>0,"Uno en lista negra",IF(K65="No","CURP no existe",IF(COUNTIF($G$3:$G$99,G65)>1,"Empleado repetido","OK"))))))) -> Campo obligatorio vacio
B66: E064 | C66: Rosa | D66: Martinez | E66: Rosalia | F66: de la Rosa | G66: ROMR830820RS0 | H66: ROMR830820MPLSRS02 | I66: lincsamex@yahoo.com.mx | L66: =IF(LEN(G66)<>13,"RFC formato invalido",IF(LEN(H66)<>18,"CURP formato invalido",IF(ISERROR(SEARCH("@",I66)),"Correo invalido",IF(OR(A66="",B66="",C66="",E66="",G66="",H66="",I66=""),"Campo obligatorio vacio",IF(COUNTIF(ListaNegra!$A:$A,G66)>0,"Uno en lista negra",IF(K66="No","CURP no existe",IF(COUNTIF($G$3:$G$99,G66)>1,"Empleado repetido","OK"))))))) -> Campo obligatorio vacio
B67: E065 | C67: Orduña | D67: Cano | E67: Laura | G67: OUCL851121NR0 | H67: OUCL851121MPLRNR07 | I67: oserrano@lpldevelopment.com | L67: =IF(LEN(G67)<>13,"RFC formato invalido",IF(LEN(H67)<>18,"CURP formato invalido",IF(ISERROR(SEARCH("@",I67)),"Correo invalido",IF(OR(A67="",B67="",C67="",E67="",G67="",H67="",I67=""),"Campo obligatorio vacio",IF(COUNTIF(ListaNegra!$A:$A,G67)>0,"Uno en lista negra",IF(K67="No","CURP no existe",IF(COUNTIF($G$3:$G$99,G67)>1,"Empleado repetido","OK"))))))) -> Campo obligatorio vacio
B68: E066 | C68: Flores | D68: Perez | E68: Margarita | G68: FOPM650413RR0 | H68: FOPM650413MPLLRR04 | I68: m.rojas@luxtronic.com.mx | L68: =IF(LEN(G68)<>13,"RFC formato invalido",IF(LEN(H68)<>18,"CURP formato invalido",IF(ISERROR(SEARCH("@",I68)),"Correo invalido",IF(OR(A68="",B68="",C68="",E68="",G68="",H68="",I68=""),"Campo obligatorio vacio",IF(COUNTIF(ListaNegra!$A:$A,G68)>0,"Uno en lista negra",IF(K68="No","CURP no existe",IF(COUNTIF($G$3:$G$99,G68)>1,"Empleado repetido","OK"))))))) -> Campo obligatorio vacio
B69: E067 | C69: Carcamo | D69: Adorno | E69: Josue | G69: CAAJ860712DS1 | H69: CAAJ860712HPLRDS19 | I69: ing_dept@margules.com.mx | L69: =IF(LEN(G69)<>13,"RFC formato invalido",IF(LEN(H69)<>18,"CURP formato invalido",IF(ISERROR(SEARCH("@",I69)),"Correo invalido",IF(OR(A69="",B69="",C69="",E69="",G69="",H69="",I69=""),"Campo obligatorio vacio",IF(COUNTIF(ListaNegra!$A:$A,G69)>0,"Uno en lista negra",IF(K69="No","CURP no existe",IF(COUNTIF($G$3:$G$99,G69)>1,"Empleado repetido","OK"))))))) -> Campo obligatorio vacio
B70: E068 | C70: Juarez | D70: Hernandez | E70: Jose | F70: Eduardo | G70: HEJE920813RD0 | H70: HEJE920813HPLRRD00 | I70: dzamudio@mei-telecom.com | L70: =IF(LEN(G70)<>13,"RFC formato invalido",IF(LEN(H70)<>18,"CURP formato invalido",IF(ISERROR(SEARCH("@",I70)),"Correo invalido",IF(OR(A70="",B70="",C70="",E70="",G70="",H70="",I70=""),"Campo obligatorio vacio",IF(COUNTIF(ListaNegra!$A:$A,G70)>0,"Uno en lista negra",IF(K70="No","CURP no existe",IF(COUNTIF($G$3:$G$99,G70)>1,"Empleado repetido","OK"))))))) -> Campo obligatorio vacio
B71: E069 | C71: Lopez | D71: Peña | E71: Jose | F71: Ivan | G71: LOPI970221XV0 | H71: LOPI970221HPLPXV07 | I71: omicron_del@att.net.mx | L71: =IF(LEN(G71)<>13,"RFC formato invalido",IF(LEN(H71)<>18,"CURP formato invalido",IF(ISERROR(SEARCH("@",I71)),"Correo invalido",IF(OR(A71="",B71="",C71="",E71="",G71="",H71="",I71=""),"Campo obligatorio vacio",IF(COUNTIF(ListaNegra!$A:$A,G71)>0,"Uno en lista negra",IF(K71="No","CURP no existe",IF(COUNTIF($G$3:$G$99,G71)>1,"Empleado repetido","OK"))))))) -> Campo obligatorio vacio
B72: E070 | C72: Mendoza | D72: Álvarez | E72: Manuel | G72: MEAM811219LN0 | H72: MEAM811219HPLNLN04 | I72: javiercruzc@att.net.mx | L72: =IF(LEN(G72)<>13,"RFC formato invalido",IF(LEN(H72)<>18,"CURP formato invalido",IF(ISERROR(SEARCH("@",I72)),"Correo invalido",IF(OR(A72="",B72="",C72="",E72="",G72="",H72="",I72=""),"Campo obligatorio vacio",IF(COUNTIF(ListaNegra!$A:$A,G72)>0,"Uno en lista negra",IF(K72="No","CURP no existe",IF(COUNTIF($G$3:$G$99,G72)>1,"Empleado repetido","OK"))))))) -> Campo obligatorio vacio
B73: E071 | C73: Tecamachaltzi | D73: Romero | E73: Elliot | F73: Salomón | G73: TERE880225ML0 | H73: TERE880225HTLCML08 | I73: biyubi@yahoo.com | L73: =IF(LEN(G73)<>13,"RFC formato invalido",IF(LEN(H73)<>18,"CURP formato invalido",IF(ISERROR(SEARCH("@",I73)),"Correo invalido",IF(OR(A73="",B73="",C73="",E73="",G73="",H73="",I73=""),"Campo obligatorio vacio",IF(COUNTIF(ListaNegra!$A:$A,G73)>0,"Uno en lista negra",IF(K73="No","CURP no existe",IF(COUNTIF($G$3:$G$99,G73)>1,"Empleado repetido","OK"))))))) -> Campo obligatorio vacio
B74: E072 | C74: Quiroz | D74: Romero | E74: Jorge | G74: QURJ711012MR0 | H74: QURJ711012HPLRMR07 | I74: rcortes@racom.com.mx | L74: =IF(LEN(G74)<>13,"RFC formato invalido",IF(LEN(H74)<>18,"CURP formato invalido",IF(ISERROR(SEARCH("@",I74)),"Correo invalido",IF(OR(A74="",B74="",C74="",E74="",G74="",H74="",I74=""),"Campo obligatorio vacio",IF(COUNTIF(ListaNegra!$A:$A,G74)>0,"Uno en lista negra",IF(K74="No","CURP no existe",IF(COUNTIF($G$3:$G$99,G74)>1,"Empleado repetido","OK"))))))) -> Campo obligatorio vacio
B75: E073 | C75: Candelario | D75: Panama | E75: Jose | F75: Eduardo | G75: CAPE700822ND0 | H75: CAPE700822HVZNND02 | I75: rotecnia_micros@yahoo.com.mx | L75: =IF(LEN(G75)<>13,"RFC formato invalido",IF(LEN(H75)<>18,"CURP formato invalido",IF(ISERROR(SEARCH("@",I75)),"Correo invalido",IF(OR(A75="",B75="",C75="",E75="",G75="",H75="",I75=""),"Campo obligatorio vacio",IF(COUNTIF(ListaNegra!$A:$A,G75)>0,"Uno en lista negra",IF(K75="No","CURP no existe",IF(COUNTIF($G$3:$G$99,G75)>1,"Empleado repetido","OK"))))))) -> Campo obligatorio vacio
B76: E074 | C76: Torres | D76: Villanueva | E76: Adrian | F76: Edgardo | G76: TOVA760909LD0 | H76: TOVA760909HPLRLD00 | I76: Gerardo.fouilloux@simexmexico.com.mx | L76: =IF(LEN(G76)<>13,"RFC formato invalido",IF(LEN(H76)<>18,"CURP formato invalido",IF(ISERROR(SEARCH("@",I76)),"Correo invalido",IF(OR(A76="",B76="",C76="",E76="",G76="",H76="",I76=""),"Campo obligatorio vacio",IF(COUNTIF(ListaNegra!$A:$A,G76)>0,"Uno en lista negra",IF(K76="No","CURP no existe",IF(COUNTIF($G$3:$G$99,G76)>1,"Empleado repetido","OK"))))))) -> Campo obligatorio vacio
B77: E075 | C77: Madrid | D77: Quintero | E77: Susana | G77: MAQS850219NS0 | H77: MAQS850219MPLDNS09 | I77: cristianl@sistek.com.mx | L77: =IF(LEN(G77)<>13,"RFC formato invalido",IF(LEN(H77)<>18,"CURP formato invalido",IF(ISERROR(SEARCH("@",I77)),"Correo invalido",IF(OR(A77="",B77="",C77="",E77="",G77="",H77="",I77=""),"Campo obligatorio vacio",IF(COUNTIF(ListaNegra!$A:$A,G77)>0,"Uno en lista negra",IF(K77="No","CURP no existe",IF(COUNTIF($G$3:$G$99,G77)>1,"Empleado repetido","OK"))))))) -> Campo obligatorio vacio
B78: E076 | C78: Zamarron | D78: Maltos | E78: Eduardo | F78: Iván | G78: ZAME750924LD0 | H78: ZAME750924HCLMLD03 | I78: cyber@solaris-digital.com | L78: =IF(LEN(G78)<>13,"RFC formato invalido",IF(LEN(H78)<>18,"CURP formato invalido",IF(ISERROR(SEARCH("@",I78)),"Correo invalido",IF(OR(A78="",B78="",C78="",E78="",G78="",H78="",I78=""),"Campo obligatorio vacio",IF(COUNTIF(ListaNegra!$A:$A,G78)>0,"Uno en lista negra",IF(K78="No","CURP no existe",IF(COUNTIF($G$3:$G$99,G78)>1,"Empleado repetido","OK"))))))) -> Campo obligatorio vacio
B79: E077 | C79: Camacho | D79: Rámon | E79: Sandra | F79: Inés | G79: CARS930303MN0 | H79: CARS930303MPLMMN05 | I79: g.camporredondo@synergygam.com | L79: =IF(LEN(G79)<>13,"RFC formato invalido",IF(LEN(H79)<>18,"CURP formato invalido",IF(ISERROR(SEARCH("@",I79)),"Correo invalido",IF(OR(A79="",B79="",C79="",E79="",G79="",H79="",I79=""),"Campo obligatorio vacio",IF(COUNTIF(ListaNegra!$A:$A,G79)>0,"Uno en lista negra",IF(K79="No","CURP no existe",IF(COUNTIF($G$3:$G$99,G79)>1,"Empleado repetido","OK"))))))) -> Campo obligatorio vacio
B80: E078 | C80: Rodriguez | D80: Garcia | E80: Gabriel | G80: ROGG710312RB0 | H80: ROGG710312HPLDRB09 | I80: alexc@complet.com.mx | L80: =IF(LEN(G80)<>13,"RFC formato invalido",IF(LEN(H80)<>18,"CURP formato invalido",IF(ISERROR(SEARCH("@",I80)),"Correo invalido",IF(OR(A80="",B80="",C80="",E80="",G80="",H80="",I80=""),"Campo obligatorio vacio",IF(COUNTIF(ListaNegra!$A:$A,G80)>0,"Uno en lista negra",IF(K80="No","CURP no existe",IF(COUNTIF($G$3:$G$99,G80)>1,"Empleado repetido","OK"))))))) -> Campo obligatorio vacio
B81: E079 | C81: AntonioMancilla | D81: Armenta | E81: Carlos | G81: MAAC911104RR0 | H81: MAAC911104HPLNRR01 | I81: moisesb@complet.com.mx | L81: =IF(LEN(G81)<>13,"RFC formato invalido",IF(LEN(H81)<>18,"CURP formato invalido",IF(ISERROR(SEARCH("@",I81)),"Correo invalido",IF(OR(A81="",B81="",C81="",E81="",G81="",H81="",I81=""),"Campo obligatorio vacio",IF(COUNTIF(ListaNegra!$A:$A,G81)>0,"Uno en lista negra",IF(K81="No","CURP no existe",IF(COUNTIF($G$3:$G$99,G81)>1,"Empleado repetido","OK"))))))) -> Campo obligatorio vacio
B82: E080 | C82: Cruz | D82: Romero | E82: Lucía | G82: CURL880108MC0 | H82: CURL880108MPLRMC07 | I82: fochoa@tecnologicamexicana.com.mx | L82: =IF(LEN(G82)<>13,"RFC formato invalido",IF(LEN(H82)<>18,"CURP formato invalido",IF(ISERROR(SEARCH("@",I82)),"Correo invalido",IF(OR(A82="",B82="",C82="",E82="",G82="",H82="",I82=""),"Campo obligatorio vacio",IF(COUNTIF(ListaNegra!$A:$A,G82)>0,"Uno en lista negra",IF(K82="No","CURP no existe",IF(COUNTIF($G$3:$G$99,G82)>1,"Empleado repetido","OK"))))))) -> CURP formato invalido
B83: E081 | C83: Castro | D83: Tela | E83: Francisco | F83: Javier | G83: TECF851202SR0 | H83: TECF851202HPLLSR07 | I83: miguel.chavez@descauto.com | L83: =IF(LEN(G83)<>13,"RFC formato invalido",IF(LEN(H83)<>18,"CURP formato invalido",IF(ISERROR(SEARCH("@",I83)),"Correo invalido",IF(OR(A83="",B83="",C83="",E83="",G83="",H83="",I83=""),"Campo obligatorio vacio",IF(COUNTIF(ListaNegra!$A:$A,G83)>0,"Uno en lista negra",IF(K83="No","CURP no existe",IF(COUNTIF($G$3:$G$99,G83)>1,"Empleado repetido","OK"))))))) -> Campo obligatorio vacio
B84: E082 | C84: Galavíz | D84: Hernández | E84: Eduardo | G84: GAHE900118RD0 | H84: GAHE900118HPLLRD01 | I84: tnt3@prodigy.net.mx | L84: =IF(LEN(G84)<>13,"RFC formato invalido",IF(LEN(H84)<>18,"CURP formato invalido",IF(ISERROR(SEARCH("@",I84)),"Correo invalido",IF(OR(A84="",B84="",C84="",E84="",G84="",H84="",I84=""),"Campo obligatorio vacio",IF(COUNTIF(ListaNegra!$A:$A,G84)>0,"Uno en lista negra",IF(K84="No","CURP no existe",IF(COUNTIF($G$3:$G$99,G84)>1,"Empleado repetido","OK"))))))) -> Campo obligatorio vacio
B85: E083 | C85: Cantero | D85: Ortega | E85: Vicente | G85: CAOV630809RC0 | H85: CAOV630809HPLNRC05 | I85: aschettino@actifpower.com | L85: =IF(LEN(G85)<>13,"RFC formato invalido",IF(LEN(H85)<>18,"CURP formato invalido",IF(ISERROR(SEARCH("@",I85)),"Correo invalido",IF(OR(A85="",B85="",C85="",E85="",G85="",H85="",I85=""),"Campo obligatorio vacio",IF(COUNTIF(ListaNegra!$A:$A,G85)>0,"Uno en lista negra",IF(K85="No","CURP no existe",IF(COUNTIF($G$3:$G$99,G85)>1,"Empleado repetido","OK"))))))) -> Campo obligatorio vacio
B86: E084 | C86: Flores | D86: Momox | E86: Gabriel | G86: FOMG860902MB0 | H86: FOMG860902HPLLMB06 | I86: fbautista@actia.com.mx | L86: =IF(LEN(G86)<>13,"RFC formato invalido",IF(LEN(H86)<>18,"CURP formato invalido",IF(ISERROR(SEARCH("@",I86)),"Correo invalido",IF(OR(A86="",B86="",C86="",E86="",G86="",H86="",I86=""),"Campo obligatorio vacio",IF(COUNTIF(ListaNegra!$A:$A,G86)>0,"Uno en lista negra",IF(K86="No","CURP no existe",IF(COUNTIF($G$3:$G$99,G86)>1,"Empleado repetido","OK"))))))) -> Campo obligatorio vacio
B87: E085 | C87: Molina | D87: Vicuña | E87: Moises | F87: Daniel | G87: MOVM921220CS0 | H87: MOVM921220HPLLCS07 | I87: jdovarganes@yahoo.com.mx | L87: =IF(LEN(G87)<>13,"RFC formato invalido",IF(LEN(H87)<>18,"CURP formato invalido",IF(ISERROR(SEARCH("@",I87)),"Correo invalido",IF(OR(A87="",B87="",C87="",E87="",G87="",H87="",I87=""),"Campo obligatorio vacio",IF(COUNTIF(ListaNegra!$A:$A,G87)>0,"Uno en lista negra",IF(K87="No","CURP no existe",IF(COUNTIF($G$3:$G$99,G87)>1,"Empleado repetido","OK"))))))) -> Campo obligatorio vacio
B88: E086 | C88: Hernandez | D88: Vergara | E88: Maria | F88: Isabel | G88: HEVI951121RS0 | H88: HEVI951121MPLRRS08 | I88: salvador@prodigy.net.mx | L88: =IF(LEN(G88)<>13,"RFC formato invalido",IF(LEN(H88)<>18,"CURP formato invalido",IF(ISERROR(SEARCH("@",I88)),"Correo invalido",IF(OR(A88="",B88="",C88="",E88="",G88="",H88="",I88=""),"Campo obligatorio vacio",IF(COUNTIF(ListaNegra!$A:$A,G88)>0,"Uno en lista negra",IF(K88="No","CURP no existe",IF(COUNTIF($G$3:$G$99,G88)>1,"Empleado repetido","OK"))))))) -> Campo obligatorio vacio
B89: E087 | C89: Dimas | D89: Santiago | E89: Jose | G89: DISJ780105NS0 | H89: DISJ780105HPLMNS00 | I89: lvilla@auriga-si.com | L89: =IF(LEN(G89)<>13,"RFC formato invalido",IF(LEN(H89)<>18,"CURP formato invalido",IF(ISERROR(SEARCH("@",I89)),"Correo invalido",IF(OR(A89="",B89="",C89="",E89="",G89="",H89="",I89=""),"Campo obligatorio vacio",IF(COUNTIF(ListaNegra!$A:$A,G89)>0,"Uno en lista negra",IF(K89="No","CURP no existe",IF(COUNTIF($G$3:$G$99,G89)>1,"Empleado repetido","OK"))))))) -> Campo obligatorio vacio
B90: E088 | C90: Flores | D90: Amador | E90: Leticia | F90: Jeaneth | G90: FOAL940206MT0 | H90: FOAL940206MPLLMT09 | I90: eduardo.bobadilla@avnet.com | L90: =IF(LEN(G90)<>13,"RFC formato invalido",IF(LEN(H90)<>18,"CURP formato invalido",IF(ISERROR(SEARCH("@",I90)),"Correo invalido",IF(OR(A90="",B90="",C90="",E90="",G90="",H90="",I90=""),"Campo obligatorio vacio",IF(COUNTIF(ListaNegra!$A:$A,G90)>0,"Uno en lista negra",IF(K90="No","CURP no existe",IF(COUNTIF($G$3:$G$99,G90)>1,"Empleado repetido","OK"))))))) -> Campo obligatorio vacio
B91: E089 | C91: León | D91: Sanchez | E91: Oscar | G91: LESO870916NS0 | H91: LESO870916HTLNNS03 | I91: aromero@copiloto.com.mx | L91: =IF(LEN(G91)<>13,"RFC formato invalido",IF(LEN(H91)<>18,"CURP formato invalido",IF(ISERROR(SEARCH("@",I91)),"Correo invalido",IF(OR(A91="",B91="",C91="",E91="",G91="",H91="",I91=""),"Campo obligatorio vacio",IF(COUNTIF(ListaNegra!$A:$A,G91)>0,"Uno en lista negra",IF(K91="No","CURP no existe",IF(COUNTIF($G$3:$G$99,G91)>1,"Empleado repetido","OK"))))))) -> Campo obligatorio vacio
B92: E090 | C92: Villar | D92: Saavedra | E92: Guillermo | G92: VISG940115VL0 | H92: VISG940115HPLLVL00 | I92: luis.orozco@electronicayservicio.com | L92: =IF(LEN(G92)<>13,"RFC formato invalido",IF(LEN(H92)<>18,"CURP formato invalido",IF(ISERROR(SEARCH("@",I92)),"Correo invalido",IF(OR(A92="",B92="",C92="",E92="",G92="",H92="",I92=""),"Campo obligatorio vacio",IF(COUNTIF(ListaNegra!$A:$A,G92)>0,"Uno en lista negra",IF(K92="No","CURP no existe",IF(COUNTIF($G$3:$G$99,G92)>1,"Empleado repetido","OK"))))))) -> Campo obligatorio vacio
B93: E091 | C93: Islas | D93: Mendoza | E93: Jose | F93: Alfonso | G93: IAMA690515NL0 | H93: IAMA690515HPLSNL09 | I93: electcont@hotmail.com | L93: =IF(LEN(G93)<>13,"RFC formato invalido",IF(LEN(H93)<>18,"CURP formato invalido",IF(ISERROR(SEARCH("@",I93)),"Correo invalido",IF(OR(A93="",B93="",C93="",E93="",G93="",H93="",I93=""),"Campo obligatorio vacio",IF(COUNTIF(ListaNegra!$A:$A,G93)>0,"Uno en lista negra",IF(K93="No","CURP no existe",IF(COUNTIF($G$3:$G$99,G93)>1,"Empleado repetido","OK"))))))) -> Campo obligatorio vacio
B94: E092 | C94: Trespalacios | D94: Sanchez | E94: Camila | G94: TESC960304NM0 | H94: TESC960304MPLRNM03 | I94: albertob3@hotmail.com | L94: =IF(LEN(G94)<>13,"RFC formato invalido",IF(LEN(H94)<>18,"CURP formato invalido",IF(ISERROR(SEARCH("@",I94)),"Correo invalido",IF(OR(A94="",B94="",C94="",E94="",G94="",H94="",I94=""),"Campo obligatorio vacio",IF(COUNTIF(ListaNegra!$A:$A,G94)>0,"Uno en lista negra",IF(K94="No","CURP no existe",IF(COUNTIF($G$3:$G$99,G94)>1,"Empleado repetido","OK"))))))) -> Campo obligatorio vacio
B95: E093 | C95: Marcello | D95: Pozzolo | E95: Fabio | G95: POXF600809XB0 | H95: POXF600809HNEZXB05 | I95: aespinosa@hidronica.com | L95: =IF(LEN(G95)<>13,"RFC formato invalido",IF(LEN(H95)<>18,"CURP formato invalido",IF(ISERROR(SEARCH("@",I95)),"Correo invalido",IF(OR(A95="",B95="",C95="",E95="",G95="",H95="",I95=""),"Campo obligatorio vacio",IF(COUNTIF(ListaNegra!$A:$A,G95)>0,"Uno en lista negra",IF(K95="No","CURP no existe",IF(COUNTIF($G$3:$G$99,G95)>1,"Empleado repetido","OK"))))))) -> Campo obligatorio vacio
B96: E094 | C96: Schröter | D96: Schröter | E96: Sebastian | G96: XEXX010101XXA | H96: XEXX010101HNEXXXA4 | I96: mgenieria@hikami.com.mx | L96: =IF(LEN(G96)<>13,"RFC formato invalido",IF(LEN(H96)<>18,"CURP formato invalido",IF(ISERROR(SEARCH("@",I96)),"Correo invalido",IF(OR(A96="",B96="",C96="",E96="",G96="",H96="",I96=""),"Campo obligatorio vacio",IF(COUNTIF(ListaNegra!$A:$A,G96)>0,"Uno en lista negra",IF(K96="No","CURP no existe",IF(COUNTIF($G$3:$G$99,G96)>1,"Empleado repetido","OK"))))))) -> Campo obligatorio vacio
B97: E095 | C97: Rodriguez | D97: Pacheco | E97: Ana | F97: Karla | G97: ROPA921117CN0 | H97: ROPA921117MPLDCN01 | I97: gerardopozo@prodigy.net.mx | L97: =IF(LEN(G97)<>13,"RFC formato invalido",IF(LEN(H97)<>18,"CURP formato invalido",IF(ISERROR(SEARCH("@",I97)),"Correo invalido",IF(OR(A97="",B97="",C97="",E97="",G97="",H97="",I97=""),"Campo obligatorio vacio",IF(COUNTIF(ListaNegra!$A:$A,G97)>0,"Uno en lista negra",IF(K97="No","CURP no existe",IF(COUNTIF($G$3:$G$99,G97)>1,"Empleado repetido","OK"))))))) -> Campo obligatorio vacio
B98: E096 | C98: Rivera | D98: Sánchez | E98: Dulce | F98: Angelica | G98: RISD920109NL0 | H98: RISD920109MPLVNL08 | I98: inelectronic@hotmail.com | L98: =IF(LEN(G98)<>13,"RFC formato invalido",IF(LEN(H98)<>18,"CURP formato invalido",IF(ISERROR(SEARCH("@",I98)),"Correo invalido",IF(OR(A98="",B98="",C98="",E98="",G98="",H98="",I98=""),"Campo obligatorio vacio",IF(COUNTIF(ListaNegra!$A:$A,G98)>0,"Uno en lista negra",IF(K98="No","CURP no existe",IF(COUNTIF($G$3:$G$99,G98)>1,"Empleado repetido","OK"))))))) -> Campo obligatorio vacio
B99: E097 | C99: Hernández | D99: León | E99: Wendy | F99: Joselyn | G99: HELW891108NN0 | H99: HELW891108MPLRNN06 | I99: descamilla@inmer.com | L99: =IF(LEN(G99)<>13,"RFC formato invalido",IF(LEN(H99)<>18,"CURP formato invalido",IF(ISERROR(SEARCH("@",I99)),"Correo invalido",IF(OR(A99="",B99="",C99="",E99="",G99="",H99="",I99=""),"Campo obligatorio vacio",IF(COUNTIF(ListaNegra!$A:$A,G99)>0,"Uno en lista negra",IF(K99="No","CURP no existe",IF(COUNTIF($G$3:$G$99,G99)>1,"Empleado repetido","OK"))))))) -> Campo obligatorio vacio

Sheet ListaNegra
A1: RFC_Lista_Negra
A2: UDAX433218F1C
A3: ACGH8908380O2
A4: SIZA265423VGF
A5: MDLL940781YF9
A6: JUTL931034FOG
A7: MIOU525534EK8
